<?xml version="1.0" encoding="UTF-8"?>
<root>
  <item name="com.movesense.mds.internal.operation.MdsOperationHandler java.lang.String MdsResourceCallback(int, int, java.lang.String, byte[]) 1">
    <annotation name="androidx.annotation.IntDef">
      <val name="value" val="{com.movesense.mds.SDSInternalDelegate.SDS_POST, com.movesense.mds.SDSInternalDelegate.SDS_GET, com.movesense.mds.SDSInternalDelegate.SDS_PUT, com.movesense.mds.SDSInternalDelegate.SDS_DEL, com.movesense.mds.SDSInternalDelegate.SDS_RESPONSE}" />
    </annotation>
  </item>
  <item name="com.movesense.mds.internal.operation.MdsOperationHandler java.lang.String WbResourceCallback(int, int, java.lang.String, byte[]) 1">
    <annotation name="androidx.annotation.IntDef">
      <val name="value" val="{com.movesense.mds.SDSInternalDelegate.SDS_POST, com.movesense.mds.SDSInternalDelegate.SDS_GET, com.movesense.mds.SDSInternalDelegate.SDS_PUT, com.movesense.mds.SDSInternalDelegate.SDS_DEL, com.movesense.mds.SDSInternalDelegate.SDS_RESPONSE}" />
    </annotation>
  </item>
  <item name="com.movesense.mds.internal.operation.MdsOperationHandler void SDSInternalCallback(int, int, java.lang.String, byte[]) 1">
    <annotation name="androidx.annotation.IntDef">
      <val name="value" val="{com.movesense.mds.SDSInternalDelegate.SDS_POST, com.movesense.mds.SDSInternalDelegate.SDS_GET, com.movesense.mds.SDSInternalDelegate.SDS_PUT, com.movesense.mds.SDSInternalDelegate.SDS_DEL, com.movesense.mds.SDSInternalDelegate.SDS_RESPONSE}" />
    </annotation>
  </item>
</root>

